#{"t_start": 1775182755.021751, "env_id": "None"}
r,l,t,success,task_phase
-69.771055,500,1.428773,False,ENROUTE
-223.133426,500,3.13979,False,ENROUTE
-469.779366,500,4.790996,False,ENROUTE
-248.024969,500,6.545036,False,ENROUTE
-276.310449,500,8.266707,False,ENROUTE
-99.95977,500,9.963712,False,ENROUTE
-75.335273,500,11.669974,False,ENROUTE
-81.366769,500,13.346082,False,ENROUTE
-70.361452,500,15.047167,False,ENROUTE
-86.036851,500,16.72926,False,ENROUTE
-41.787692,500,18.48193,False,ENROUTE
-35.496407,500,20.409102,False,ENROUTE
-60.12802,500,22.081513,False,ENROUTE
-60.171744,500,23.747288,False,ENROUTE
-55.968559,500,25.406837,False,ENROUTE
-76.606746,500,27.088755,False,ENROUTE
-62.626366,500,28.880916,False,ENROUTE
-4.202184,500,30.740662,False,ENROUTE
46.472382,500,32.442465,False,ENROUTE
7.67567,500,34.132154,False,ENROUTE
191.860911,500,35.785609,False,ENROUTE
60.580278,500,37.440936,False,ENROUTE
87.185501,500,39.095807,False,ENROUTE
184.953584,500,40.751133,False,ENROUTE
85.247122,500,42.405128,False,ENROUTE
113.062373,500,44.061707,False,ENROUTE
136.027398,500,45.713249,False,ENROUTE
88.230125,500,47.366654,False,ENROUTE
8.302282,500,49.024296,False,ENROUTE
-26.901662,500,50.737727,False,ENROUTE
37.523606,500,52.438117,False,ENROUTE
148.64307,500,54.090496,False,ENROUTE
62.60335,500,55.813785,False,ENROUTE
43.825391,500,57.466159,False,ENROUTE
-2.0157,500,59.119429,False,ENROUTE
48.057022,500,60.779449,False,ENROUTE
32.477735,500,62.447369,False,ENROUTE
23.644001,500,64.101413,False,ENROUTE
4.740386,500,65.792052,False,ENROUTE
27.822744,500,67.522324,False,ENROUTE
-15.470921,500,69.464337,False,ENROUTE
19.168421,500,71.130809,False,ENROUTE
44.926989,500,72.786835,False,ENROUTE
49.918379,500,74.435316,False,ENROUTE
-10.526818,500,76.081921,False,ENROUTE
94.708558,500,78.026259,False,ENROUTE
81.02525,161,78.641598,True,MISSION_COMPLETE
83.769522,152,79.248327,True,MISSION_COMPLETE
85.726059,162,79.906568,True,MISSION_COMPLETE
96.637397,500,81.716877,False,ENROUTE
83.288297,500,83.460026,False,ENROUTE
84.336223,167,84.042237,True,MISSION_COMPLETE
90.860959,217,84.91765,True,MISSION_COMPLETE
85.020738,213,85.75267,True,MISSION_COMPLETE
83.652314,206,86.557851,True,MISSION_COMPLETE
102.229929,500,88.258938,False,ENROUTE
19.06269,500,89.979227,False,ENROUTE
51.949265,500,91.92645,False,ENROUTE
4.787489,500,93.861568,False,ENROUTE
14.502844,500,95.647337,False,ENROUTE
13.046562,500,97.611557,False,ENROUTE
0.342819,500,99.34519,False,ENROUTE
8.961173,500,101.012338,False,ENROUTE
64.360103,500,102.663737,False,ENROUTE
30.157565,500,104.31803,False,ENROUTE
87.293801,500,105.972951,False,ENROUTE
69.863047,195,106.634179,True,MISSION_COMPLETE
82.920355,500,108.289177,False,ENROUTE
72.825541,227,109.041785,True,MISSION_COMPLETE
67.610337,199,109.764738,True,MISSION_COMPLETE
102.58943,332,110.876613,True,MISSION_COMPLETE
80.10098,207,111.560281,True,MISSION_COMPLETE
74.114959,177,112.145177,True,MISSION_COMPLETE
71.478515,148,112.635411,True,MISSION_COMPLETE
73.06034,160,113.166237,True,MISSION_COMPLETE
77.156896,147,113.65484,True,MISSION_COMPLETE
79.124372,143,114.129579,True,MISSION_COMPLETE
78.446917,154,114.641001,True,MISSION_COMPLETE
78.722794,149,115.135757,True,MISSION_COMPLETE
73.677092,150,115.632447,True,MISSION_COMPLETE
79.137125,150,116.130706,True,MISSION_COMPLETE
81.513837,158,116.655107,True,MISSION_COMPLETE
79.735449,148,117.145533,True,MISSION_COMPLETE
92.680081,500,118.801386,False,ENROUTE
97.599352,500,120.536514,False,ENROUTE
121.907403,500,122.190376,False,ENROUTE
82.467657,178,122.781552,True,MISSION_COMPLETE
86.548587,187,123.401344,True,MISSION_COMPLETE
85.786453,171,123.968881,True,MISSION_COMPLETE
83.228264,166,124.519532,True,MISSION_COMPLETE
86.803312,166,125.070249,True,MISSION_COMPLETE
87.794411,155,125.585004,True,MISSION_COMPLETE
88.099121,154,126.097471,True,MISSION_COMPLETE
88.151273,157,126.618212,True,MISSION_COMPLETE
87.828408,157,127.139536,True,MISSION_COMPLETE
87.449426,156,127.657549,True,MISSION_COMPLETE
88.876283,153,128.224503,True,MISSION_COMPLETE
80.506028,156,128.759275,True,MISSION_COMPLETE
84.584322,151,129.278051,True,MISSION_COMPLETE
79.759486,156,129.803297,True,MISSION_COMPLETE
78.612749,153,130.319251,True,MISSION_COMPLETE
79.088052,152,130.843958,True,MISSION_COMPLETE
-26.497399,500,132.566501,False,ENROUTE
79.962838,151,133.070083,True,MISSION_COMPLETE
29.29955,500,134.72556,False,ENROUTE
62.583887,500,136.379525,False,ENROUTE
86.663889,145,136.861428,True,MISSION_COMPLETE
84.017138,148,137.351573,True,MISSION_COMPLETE
90.133725,459,138.939089,True,MISSION_COMPLETE
85.971272,144,139.415908,True,MISSION_COMPLETE
86.34937,144,139.894463,True,MISSION_COMPLETE
86.580797,144,140.37454,True,MISSION_COMPLETE
85.204166,141,140.842315,True,MISSION_COMPLETE
84.5107,147,141.329291,True,MISSION_COMPLETE
86.591686,142,141.802702,True,MISSION_COMPLETE
85.648953,138,142.262224,True,MISSION_COMPLETE
86.279644,140,142.726702,True,MISSION_COMPLETE
86.531392,138,143.184691,True,MISSION_COMPLETE
86.920822,138,143.642802,True,MISSION_COMPLETE
87.979495,138,144.100773,True,MISSION_COMPLETE
87.027337,138,144.559122,True,MISSION_COMPLETE
84.535967,137,145.013512,True,MISSION_COMPLETE
87.897686,140,145.478398,True,MISSION_COMPLETE
88.552596,136,145.930049,True,MISSION_COMPLETE
87.051861,138,146.388703,True,MISSION_COMPLETE
4.08515,500,148.061791,False,ENROUTE
87.238969,143,148.535893,True,MISSION_COMPLETE
89.328155,144,149.015057,True,MISSION_COMPLETE
21.901147,500,150.670422,False,ENROUTE
88.410087,143,151.145869,True,MISSION_COMPLETE
57.119461,500,152.849148,False,ENROUTE
73.629247,500,154.504809,False,ENROUTE
6.350364,500,156.173273,False,ENROUTE
83.946932,145,156.655553,True,MISSION_COMPLETE
107.824822,500,158.312831,False,ENROUTE
111.182231,500,159.971127,False,ENROUTE
111.109176,500,161.629891,False,ENROUTE
126.300766,500,163.289111,False,ENROUTE
91.765689,500,164.948694,False,ENROUTE
72.0336,500,166.61618,False,ENROUTE
62.240326,500,168.265598,False,ENROUTE
123.677658,500,169.927194,False,ENROUTE
161.484105,500,171.629902,False,ENROUTE
99.42282,500,173.284789,False,ENROUTE
105.571293,500,174.956885,False,ENROUTE
88.197803,500,176.613537,False,ENROUTE
117.068892,276,177.527102,True,MISSION_COMPLETE
151.18195,500,179.179567,False,ENROUTE
94.803573,500,180.835942,False,ENROUTE
112.325198,500,182.497255,False,ENROUTE
180.883761,500,184.170773,False,ENROUTE
44.363672,500,185.825534,False,ENROUTE
46.951911,500,187.480844,False,ENROUTE
88.992338,143,188.006804,True,MISSION_COMPLETE
184.82933,500,189.669567,False,ENROUTE
82.247967,500,191.326157,False,ENROUTE
129.443378,500,192.999473,False,ENROUTE
44.059579,500,194.762731,False,ENROUTE
149.161845,500,196.461839,False,ENROUTE
84.341395,500,198.132335,False,ENROUTE
168.197602,500,199.874787,False,ENROUTE
55.625705,500,201.731626,False,ENROUTE
187.582746,500,203.607464,False,ENROUTE
175.341291,403,205.026541,True,MISSION_COMPLETE
76.461829,500,206.796726,False,ENROUTE
183.070504,500,208.462518,False,ENROUTE
86.841942,500,210.122097,False,ENROUTE
147.933856,500,211.767765,False,ENROUTE
179.575021,500,213.41788,False,ENROUTE
171.901012,500,215.074109,False,ENROUTE
172.535104,500,216.727304,False,ENROUTE
174.736462,500,218.628993,False,ENROUTE
164.528636,500,220.304397,False,ENROUTE
167.29844,500,221.967325,False,ENROUTE
86.361993,138,222.426403,True,MISSION_COMPLETE
165.275109,500,224.09044,False,ENROUTE
87.815442,136,224.590513,True,MISSION_COMPLETE
187.186075,500,226.258907,False,ENROUTE
182.897708,500,227.925557,False,ENROUTE
88.905837,500,229.639858,False,ENROUTE
181.291471,500,231.306728,False,ENROUTE
93.378594,138,231.765741,True,MISSION_COMPLETE
90.545042,136,232.219032,True,MISSION_COMPLETE
90.010009,137,232.676497,True,MISSION_COMPLETE
87.619988,133,233.119925,True,MISSION_COMPLETE
92.803049,137,233.576678,True,MISSION_COMPLETE
89.672099,140,234.042964,True,MISSION_COMPLETE
172.042552,500,235.709675,False,ENROUTE
88.683401,138,236.169838,True,MISSION_COMPLETE
89.860155,136,236.625245,True,MISSION_COMPLETE
90.538476,140,237.091545,True,MISSION_COMPLETE
202.000984,500,238.754591,False,ENROUTE
93.136674,137,239.211416,True,MISSION_COMPLETE
92.131651,137,239.667541,True,MISSION_COMPLETE
88.500998,138,240.128381,True,MISSION_COMPLETE
86.256705,144,240.608047,True,MISSION_COMPLETE
188.790283,500,242.286896,False,ENROUTE
207.278594,500,243.950225,False,ENROUTE
151.247307,438,245.409748,True,MISSION_COMPLETE
191.747476,500,247.077384,False,ENROUTE
193.201314,500,248.761865,False,ENROUTE
195.962102,500,250.443519,False,ENROUTE
213.546868,500,252.106914,False,ENROUTE
196.87689,500,253.767927,False,ENROUTE
202.561568,500,255.483917,False,ENROUTE
207.2085,500,257.146198,False,ENROUTE
197.606229,500,258.828578,False,ENROUTE
219.169886,500,260.490932,False,ENROUTE
221.599154,500,262.153103,False,ENROUTE
215.382702,500,263.815529,False,ENROUTE
216.659321,500,265.478592,False,ENROUTE
222.408621,500,267.153194,False,ENROUTE
230.947165,500,268.817295,False,ENROUTE
194.329569,400,270.201942,True,MISSION_COMPLETE
200.988271,500,271.861008,False,ENROUTE
217.480457,500,273.538544,False,ENROUTE
197.970772,500,275.197735,False,ENROUTE
170.105645,500,276.858746,False,ENROUTE
198.337052,500,278.523304,False,ENROUTE
184.878783,500,280.18519,False,ENROUTE
193.354865,500,281.861815,False,ENROUTE
200.406232,500,283.5868,False,ENROUTE
217.635042,500,285.250711,False,ENROUTE
205.393605,500,286.915502,False,ENROUTE
217.377085,500,288.579623,False,ENROUTE
209.910166,500,290.257966,False,ENROUTE
185.598622,500,291.921761,False,ENROUTE
213.639389,500,293.584114,False,ENROUTE
207.754022,500,295.246573,False,ENROUTE
210.97209,500,296.924978,False,ENROUTE
185.523244,500,298.589465,False,ENROUTE
194.067818,500,300.279325,False,ENROUTE
204.655195,500,301.944551,False,ENROUTE
176.014687,500,303.63246,False,ENROUTE
181.100696,500,305.311305,False,ENROUTE
170.794893,500,307.040474,False,ENROUTE
130.154775,500,308.762133,False,ENROUTE
186.487653,500,310.428772,False,ENROUTE
190.820223,500,312.093069,False,ENROUTE
191.142862,500,313.771434,False,ENROUTE
227.07161,500,315.494501,False,ENROUTE
223.879874,500,317.161648,False,ENROUTE
220.134989,500,318.828295,False,ENROUTE
231.065771,500,320.495206,False,ENROUTE
219.039299,500,322.175743,False,ENROUTE
229.465983,500,323.837872,False,ENROUTE
228.917029,500,325.499963,False,ENROUTE
231.029313,500,327.164691,False,ENROUTE
227.676107,500,328.83041,False,ENROUTE
242.176799,500,330.499512,False,ENROUTE
229.946105,500,332.224125,False,ENROUTE
237.154226,500,333.896053,False,ENROUTE
228.242109,500,335.559261,False,ENROUTE
234.883947,500,337.222913,False,ENROUTE
225.028834,500,338.899358,False,ENROUTE
226.68781,500,340.563619,False,ENROUTE
226.720008,500,342.227532,False,ENROUTE
223.103487,500,343.892398,False,ENROUTE
230.858323,500,345.557586,False,ENROUTE
230.600185,500,347.23391,False,ENROUTE
228.224191,500,348.895066,False,ENROUTE
218.436623,500,350.614676,False,ENROUTE
228.789882,500,352.280182,False,ENROUTE
232.058055,500,354.008668,False,ENROUTE
222.28676,500,355.960989,False,ENROUTE
218.424493,500,357.779087,False,ENROUTE
227.460997,500,359.517287,False,ENROUTE
232.271576,500,361.184206,False,ENROUTE
227.673074,500,362.866093,False,ENROUTE
226.824587,500,364.527993,False,ENROUTE
228.318256,500,366.187857,False,ENROUTE
225.428795,500,367.851221,False,ENROUTE
230.085907,500,369.518237,False,ENROUTE
228.572153,500,371.175335,False,ENROUTE
231.461619,500,372.839812,False,ENROUTE
232.890239,500,374.503789,False,ENROUTE
238.210468,500,376.231706,False,ENROUTE
233.03179,500,377.896,False,ENROUTE
227.735474,500,379.557375,False,ENROUTE
230.570274,500,381.217544,False,ENROUTE
229.186285,500,382.882922,False,ENROUTE
199.999348,403,384.293821,True,MISSION_COMPLETE
197.928571,405,385.641316,True,MISSION_COMPLETE
230.638087,500,387.30337,False,ENROUTE
233.774027,500,388.967423,False,ENROUTE
239.159775,500,390.631502,False,ENROUTE
239.691178,500,392.309363,False,ENROUTE
237.029863,500,393.975348,False,ENROUTE
242.156727,500,395.64191,False,ENROUTE
238.177484,500,397.37424,False,ENROUTE
239.634558,500,399.040893,False,ENROUTE
209.768362,418,400.43326,True,MISSION_COMPLETE
239.704413,500,402.112075,False,ENROUTE
201.247638,407,403.466367,True,MISSION_COMPLETE
233.793121,500,405.130049,False,ENROUTE
232.107994,500,406.793187,False,ENROUTE
239.831874,500,408.456251,False,ENROUTE
227.286756,500,410.191415,False,ENROUTE
231.861904,500,411.856816,False,ENROUTE
229.545118,500,413.521976,False,ENROUTE
228.714386,500,415.184658,False,ENROUTE
231.817438,500,416.864919,False,ENROUTE
229.037006,500,418.581499,False,ENROUTE
239.441445,500,420.245473,False,ENROUTE
234.362064,500,421.954242,False,ENROUTE
236.549729,500,423.703823,False,ENROUTE
240.793389,500,425.380186,False,ENROUTE
245.544361,500,427.043955,False,ENROUTE
242.232485,500,428.708308,False,ENROUTE
240.49174,496,430.36376,True,MISSION_COMPLETE
244.721207,500,432.029704,False,ENROUTE
246.700952,500,433.771783,False,ENROUTE
248.841134,500,435.485526,False,ENROUTE
248.236221,500,437.150799,False,ENROUTE
242.928577,500,438.88453,False,ENROUTE
245.969357,500,440.568176,False,ENROUTE
243.67233,500,442.233257,False,ENROUTE
249.075179,500,443.896975,False,ENROUTE
246.014943,500,445.561273,False,ENROUTE
243.621585,500,447.227199,False,ENROUTE
240.5528,500,448.907427,False,ENROUTE
233.389084,500,450.574451,False,ENROUTE
229.528443,500,452.241587,False,ENROUTE
235.737738,500,453.907531,False,ENROUTE
243.628779,500,455.641632,False,ENROUTE
240.181516,500,457.30672,False,ENROUTE
244.879675,500,458.972756,False,ENROUTE
240.620685,500,460.638125,False,ENROUTE
233.066601,500,462.302887,False,ENROUTE
242.659534,500,463.986669,False,ENROUTE
236.665394,500,465.653813,False,ENROUTE
246.138154,500,467.323925,False,ENROUTE
236.87286,500,469.04329,False,ENROUTE
236.505546,500,470.710609,False,ENROUTE
243.928702,500,472.386828,False,ENROUTE
238.692676,500,474.050234,False,ENROUTE
248.382655,500,475.716062,False,ENROUTE
247.284885,500,477.377726,False,ENROUTE
245.287749,500,479.057388,False,ENROUTE
239.545663,500,480.717593,False,ENROUTE
246.318905,500,482.379077,False,ENROUTE
246.331118,500,484.0421,False,ENROUTE
246.984267,500,485.707209,False,ENROUTE
248.650206,500,487.44745,False,ENROUTE
250.406704,500,489.111722,False,ENROUTE
252.842633,500,490.774598,False,ENROUTE
247.80064,500,492.435873,False,ENROUTE
245.946749,500,494.152158,False,ENROUTE
238.679794,500,495.829897,False,ENROUTE
245.85487,500,497.49138,False,ENROUTE
252.833715,500,499.156032,False,ENROUTE
245.906,500,500.816354,False,ENROUTE
236.624821,500,502.481392,False,ENROUTE
245.40559,500,504.15706,False,ENROUTE
238.630432,500,505.876815,False,ENROUTE
239.117568,500,507.537142,False,ENROUTE
242.531442,500,509.200237,False,ENROUTE
241.127306,500,510.925833,False,ENROUTE
238.507254,500,512.598427,False,ENROUTE
240.960791,500,514.260299,False,ENROUTE
244.107922,500,515.921596,False,ENROUTE
243.162941,500,517.583739,False,ENROUTE
243.107246,500,519.279123,False,ENROUTE
244.266365,500,520.952916,False,ENROUTE
238.916917,500,522.700105,False,ENROUTE
240.642321,500,524.404832,False,ENROUTE
242.36702,500,526.187464,False,ENROUTE
245.435208,500,527.853584,False,ENROUTE
245.672445,500,529.519376,False,ENROUTE
239.042212,500,531.180563,False,ENROUTE
110.252444,374,532.421852,True,MISSION_COMPLETE
103.377785,222,533.17959,True,MISSION_COMPLETE
240.631857,500,535.029481,False,ENROUTE
67.79693,500,536.72823,False,ENROUTE
235.337177,500,538.393861,False,ENROUTE
227.331526,500,540.057069,False,ENROUTE
236.934069,500,541.721661,False,ENROUTE
236.262483,500,543.385325,False,ENROUTE
128.169566,500,545.078042,False,ENROUTE
104.587046,212,545.787267,True,MISSION_COMPLETE
117.720708,289,546.751013,True,MISSION_COMPLETE
103.494565,208,547.444697,True,MISSION_COMPLETE
104.410546,206,548.132381,True,MISSION_COMPLETE
115.100409,243,548.952576,True,MISSION_COMPLETE
111.474564,271,549.863971,True,MISSION_COMPLETE
107.419884,223,550.663433,True,MISSION_COMPLETE
105.843239,314,551.720444,True,MISSION_COMPLETE
176.392846,500,553.399701,False,ENROUTE
231.01988,500,555.081902,False,ENROUTE
239.5667,500,556.811933,False,ENROUTE
239.973912,500,558.531385,False,ENROUTE
240.322256,500,560.256823,False,ENROUTE
242.909381,500,561.933674,False,ENROUTE
251.156614,500,563.612082,False,ENROUTE
250.374832,500,565.288275,False,ENROUTE
253.024851,500,566.966509,False,ENROUTE
253.437024,500,568.646967,False,ENROUTE
255.257005,500,570.33956,False,ENROUTE
255.229477,500,572.021177,False,ENROUTE
254.473713,500,573.699544,False,ENROUTE
243.884516,500,575.439037,False,ENROUTE
257.485634,500,577.118032,False,ENROUTE
251.018584,500,578.818589,False,ENROUTE
255.949992,500,580.510325,False,ENROUTE
247.971226,500,582.192022,False,ENROUTE
250.845678,500,583.870742,False,ENROUTE
251.156339,500,585.552067,False,ENROUTE
245.056345,500,587.246768,False,ENROUTE
244.24556,500,588.95273,False,ENROUTE
244.667178,500,590.665506,False,ENROUTE
251.376984,500,592.347623,False,ENROUTE
242.010969,500,594.026939,False,ENROUTE
246.343934,500,595.776017,False,ENROUTE
243.200046,500,597.574563,False,ENROUTE
241.408551,500,599.292376,False,ENROUTE
245.203616,500,601.063103,False,ENROUTE
243.009867,500,602.830407,False,ENROUTE
245.969162,500,604.553654,False,ENROUTE
241.0311,500,606.237447,False,ENROUTE
244.115415,500,607.962544,False,ENROUTE
245.534734,500,609.648465,False,ENROUTE
242.060915,500,611.378265,False,ENROUTE
243.306116,500,613.116057,False,ENROUTE
243.822619,500,614.845499,False,ENROUTE
244.722645,500,616.529187,False,ENROUTE
249.9091,500,618.253435,False,ENROUTE
242.380298,500,620.037625,False,ENROUTE
248.334591,500,621.79062,False,ENROUTE
248.365461,500,623.481904,False,ENROUTE
248.965381,500,625.165494,False,ENROUTE
247.0374,500,626.845368,False,ENROUTE
247.393199,500,628.54289,False,ENROUTE
247.482097,500,630.221267,False,ENROUTE
248.814078,500,631.899787,False,ENROUTE
246.027077,500,633.578582,False,ENROUTE
244.809926,500,635.25639,False,ENROUTE
246.813,500,636.94976,False,ENROUTE
243.931711,500,638.753987,False,ENROUTE
246.098027,500,640.490372,False,ENROUTE
247.381987,500,642.351974,False,ENROUTE
242.884247,500,644.078982,False,ENROUTE
244.921897,500,645.786743,False,ENROUTE
242.734368,500,647.491043,False,ENROUTE
243.386135,500,649.191752,False,ENROUTE
245.285707,500,650.894003,False,ENROUTE
241.634475,500,652.726106,False,ENROUTE
248.36749,500,654.43382,False,ENROUTE
245.414392,500,656.175176,False,ENROUTE
247.051953,500,657.936999,False,ENROUTE
250.122779,500,659.659658,False,ENROUTE
243.572288,500,661.401311,False,ENROUTE
249.52527,500,663.388024,False,ENROUTE
247.616431,500,665.162731,False,ENROUTE
220.915413,500,667.04023,False,ENROUTE
247.140955,500,668.772455,False,ENROUTE
246.165724,500,670.522118,False,ENROUTE
245.066859,500,672.212894,False,ENROUTE
247.242024,500,673.907623,False,ENROUTE
248.437705,500,675.601504,False,ENROUTE
243.658587,500,677.308328,False,ENROUTE
247.118474,500,679.022649,False,ENROUTE
244.678345,500,680.734724,False,ENROUTE
241.441237,500,682.540962,False,ENROUTE
246.598708,500,684.238362,False,ENROUTE
249.377152,500,685.914746,False,ENROUTE
246.032677,500,687.595983,False,ENROUTE
246.790132,500,689.319182,False,ENROUTE
247.538423,500,690.995569,False,ENROUTE
247.929183,500,692.673314,False,ENROUTE
215.694444,500,694.354953,False,ENROUTE
249.132733,500,696.052568,False,ENROUTE
247.746635,500,697.731604,False,ENROUTE
246.594283,500,699.411615,False,ENROUTE
250.588902,500,701.089053,False,ENROUTE
251.126741,500,702.784,False,ENROUTE
244.282405,500,704.521242,False,ENROUTE
249.456911,500,706.204957,False,ENROUTE
243.343428,500,707.881719,False,ENROUTE
240.141904,500,709.603546,False,ENROUTE
244.998491,500,711.281698,False,ENROUTE
249.051694,500,712.960735,False,ENROUTE
247.249332,500,714.636868,False,ENROUTE
247.885141,500,716.315221,False,ENROUTE
250.051302,500,718.010574,False,ENROUTE
254.646823,500,719.77439,False,ENROUTE
238.502845,500,721.453867,False,ENROUTE
247.907351,500,723.13137,False,ENROUTE
250.70409,500,724.801178,False,ENROUTE
251.402102,500,726.478073,False,ENROUTE
252.351254,500,728.152263,False,ENROUTE
246.152086,500,729.835526,False,ENROUTE
246.59609,500,731.526675,False,ENROUTE
253.851422,500,733.24053,False,ENROUTE
249.257881,500,734.917438,False,ENROUTE
251.655849,500,736.594701,False,ENROUTE
249.397033,500,738.269018,False,ENROUTE
252.730081,500,739.961246,False,ENROUTE
249.454185,500,741.634523,False,ENROUTE
236.392277,500,743.308413,False,ENROUTE
242.976653,500,744.984099,False,ENROUTE
250.990068,500,746.656907,False,ENROUTE
246.761334,500,748.342413,False,ENROUTE
251.021557,500,750.017901,False,ENROUTE
250.834455,500,751.691124,False,ENROUTE
250.757517,500,753.362934,False,ENROUTE
249.843015,500,755.038386,False,ENROUTE
251.969169,500,756.724631,False,ENROUTE
249.941565,500,758.435122,False,ENROUTE
251.225177,500,760.111433,False,ENROUTE
255.1121,500,761.787839,False,ENROUTE
249.15258,500,763.464733,False,ENROUTE
254.998925,500,765.138773,False,ENROUTE
245.15291,500,766.828283,False,ENROUTE
249.369986,500,768.500576,False,ENROUTE
250.55664,500,770.204681,False,ENROUTE
244.533124,500,772.165756,False,ENROUTE
248.134973,500,773.900237,False,ENROUTE
241.448278,500,775.580187,False,ENROUTE
247.352781,500,777.326513,False,ENROUTE
249.058794,500,779.171176,False,ENROUTE
248.586617,500,780.777247,False,ENROUTE
242.978944,500,782.390468,False,ENROUTE
248.597342,500,784.015967,False,ENROUTE
246.494484,500,785.873516,False,ENROUTE
248.580563,500,787.577734,False,ENROUTE
253.649634,500,789.446842,False,ENROUTE
252.488061,500,791.125237,False,ENROUTE
249.511443,500,792.801586,False,ENROUTE
253.380756,500,794.475015,False,ENROUTE
251.114017,500,796.143708,False,ENROUTE
255.221151,500,797.814667,False,ENROUTE
253.321504,500,799.48145,False,ENROUTE
251.509545,500,801.15114,False,ENROUTE
252.755418,500,802.817388,False,ENROUTE
247.738125,500,804.491607,False,ENROUTE
255.065519,500,806.161086,False,ENROUTE
252.857675,500,807.830309,False,ENROUTE
248.33987,500,809.497662,False,ENROUTE
251.396648,500,811.187716,False,ENROUTE
254.668715,500,812.857773,False,ENROUTE
245.303425,500,814.581193,False,ENROUTE
248.249621,500,816.2509,False,ENROUTE
249.899488,500,817.915902,False,ENROUTE
247.970608,500,819.583509,False,ENROUTE
249.752594,500,821.250812,False,ENROUTE
252.998949,500,822.937114,False,ENROUTE
251.153233,500,824.605722,False,ENROUTE
255.988955,500,826.273962,False,ENROUTE
250.149758,500,827.941035,False,ENROUTE
222.048872,500,829.6082,False,ENROUTE
245.356166,500,831.290991,False,ENROUTE
253.480126,500,832.957874,False,ENROUTE
248.341463,500,834.628047,False,ENROUTE
133.727718,262,835.50485,True,MISSION_COMPLETE
251.886585,500,837.174134,False,ENROUTE
246.64182,500,838.840508,False,ENROUTE
257.203753,500,840.525499,False,ENROUTE
246.138805,500,842.193983,False,ENROUTE
250.723847,500,843.863951,False,ENROUTE
253.618867,500,845.574177,False,ENROUTE
232.417231,500,847.25758,False,ENROUTE
236.22601,500,848.95586,False,ENROUTE
251.586072,500,850.627865,False,ENROUTE
251.94548,500,852.434602,False,ENROUTE
254.334827,500,854.28377,False,ENROUTE
255.275469,500,856.100967,False,ENROUTE
260.351744,500,857.780529,False,ENROUTE
253.379273,500,859.471052,False,ENROUTE
252.268498,500,861.175391,False,ENROUTE
253.436511,500,862.871335,False,ENROUTE
247.691187,500,864.545145,False,ENROUTE
253.478548,500,866.279672,False,ENROUTE
252.074321,500,868.147855,False,ENROUTE
250.097229,500,869.814867,False,ENROUTE
249.328886,500,871.414514,False,ENROUTE
253.15803,500,873.143015,False,ENROUTE
237.912076,500,874.761088,False,ENROUTE
249.785537,500,876.384096,False,ENROUTE
249.827745,500,877.94849,False,ENROUTE
250.378828,500,879.514136,False,ENROUTE
252.503449,500,881.082259,False,ENROUTE
251.218762,500,882.645362,False,ENROUTE
225.98264,500,884.210979,False,ENROUTE
249.228766,500,885.77421,False,ENROUTE
251.199864,500,887.337505,False,ENROUTE
252.826439,500,888.938212,False,ENROUTE
251.163999,500,890.507437,False,ENROUTE
247.424732,500,892.104786,False,ENROUTE
253.727567,500,893.711971,False,ENROUTE
251.747085,500,895.282949,False,ENROUTE
260.993154,500,896.918012,False,ENROUTE
255.597199,500,898.502916,False,ENROUTE
259.316855,500,900.110286,False,ENROUTE
256.333013,500,901.712796,False,ENROUTE
104.800785,145,902.20833,True,MISSION_COMPLETE
106.446634,148,902.681547,True,MISSION_COMPLETE
255.488623,500,904.309283,False,ENROUTE
106.004623,147,904.773134,True,MISSION_COMPLETE
253.431882,500,906.343363,False,ENROUTE
163.251412,273,907.201699,True,MISSION_COMPLETE
104.390494,145,907.657601,True,MISSION_COMPLETE
257.537716,500,909.228756,False,ENROUTE
247.719521,500,910.801959,False,ENROUTE
103.272942,146,911.264465,True,MISSION_COMPLETE
104.291713,148,911.731361,True,MISSION_COMPLETE
248.747083,500,913.312008,False,ENROUTE
249.619193,500,914.882764,False,ENROUTE
103.312019,149,915.352143,True,MISSION_COMPLETE
251.097152,500,916.920613,False,ENROUTE
254.257378,500,918.602377,False,ENROUTE
164.599624,275,919.519501,True,MISSION_COMPLETE
255.988415,500,921.166497,False,ENROUTE
253.283737,500,922.777772,False,ENROUTE
254.271564,500,924.505148,False,ENROUTE
261.387631,500,926.168674,False,ENROUTE
257.184792,500,927.797084,False,ENROUTE
252.295375,500,929.388257,False,ENROUTE
258.319147,500,931.047271,False,ENROUTE
254.156951,500,932.682346,False,ENROUTE
257.3389,500,934.276722,False,ENROUTE
254.549413,500,935.861048,False,ENROUTE
260.101959,500,937.459581,False,ENROUTE
254.03666,500,939.047173,False,ENROUTE
257.410866,500,940.645988,False,ENROUTE
259.303384,500,942.286765,False,ENROUTE
261.380888,500,944.153472,False,ENROUTE
263.510915,500,945.947331,False,ENROUTE
255.634312,500,947.792372,False,ENROUTE
258.283599,500,949.431366,False,ENROUTE
257.722828,500,951.018619,False,ENROUTE
260.925608,500,952.601895,False,ENROUTE
253.465732,500,954.191855,False,ENROUTE
255.821855,500,955.788339,False,ENROUTE
254.677544,500,957.378629,False,ENROUTE
251.684871,500,958.978769,False,ENROUTE
256.198903,500,960.553913,False,ENROUTE
255.978764,500,962.145157,False,ENROUTE
255.010819,500,963.731188,False,ENROUTE
256.359288,500,965.322615,False,ENROUTE
248.759012,500,966.910882,False,ENROUTE
251.552993,500,968.524133,False,ENROUTE
253.179681,500,970.109676,False,ENROUTE
246.919743,500,971.712509,False,ENROUTE
249.584433,500,973.314681,False,ENROUTE
249.865462,500,974.906712,False,ENROUTE
258.090619,500,976.529599,False,ENROUTE
251.587676,500,978.103759,False,ENROUTE
251.261803,500,979.666255,False,ENROUTE
250.958021,500,981.314831,False,ENROUTE
252.658017,500,982.89388,False,ENROUTE
251.022492,500,984.524598,False,ENROUTE
251.013737,500,986.119936,False,ENROUTE
247.320872,500,987.707432,False,ENROUTE
247.543004,500,989.328266,False,ENROUTE
254.904064,500,990.947038,False,ENROUTE
249.956387,500,992.786414,False,ENROUTE
244.195585,500,994.523547,False,ENROUTE
253.320062,500,996.216289,False,ENROUTE
252.583404,500,997.891202,False,ENROUTE
247.006491,500,999.567034,False,ENROUTE
247.086641,500,1001.363609,False,ENROUTE
247.481362,500,1003.07557,False,ENROUTE
248.007603,500,1004.830705,False,ENROUTE
250.248913,500,1006.540487,False,ENROUTE
252.020323,500,1008.257186,False,ENROUTE
242.06329,500,1009.979524,False,ENROUTE
